name.firstname,name.lastname,age,address.line1,address.line2,address.city,address.state,gender
Pravin,Suwasiya,21,chembur,mumbai,pune,maharashtra,male
ankit,Suwasiya,17,jawla,chembur,mumbai,maharashtra,male
khushboo,Suwasiya,22,kurla,chembur,mumbai,maharashtra,female
Rahul,Joshi,25,andheri,lokhandwala,mumbai,maharashtra,male
Priya,Joshi,20,kandivali,borivali,mumbai,maharashtra,female
Rohan,Sharma,19,vashi,navi,mumbai,maharashtra,male
Sneha,Sharma,23,thane,kalwa,mumbai,maharashtra,female
Amit,Kumar,26,dadar,prabhadevi,mumbai,maharashtra,male
Neha,Kumar,21,worli,lowerparel,mumbai,maharashtra,female
Raj,Mehta,24,bandra,khar,mumbai,maharashtra,male
Riya,Mehta,19,juhu,vileparle,mumbai,maharashtra,female
Vikram,Singh,27,goregaon,malad,mumbai,maharashtra,male
Sonia,Singh,22,andheri,east,mumbai,maharashtra,female
Abhishek,Jain,25,borivali,kandivali,mumbai,maharashtra,male
Rashmi,Jain,20,lokhandwala,andheri,mumbai,maharashtra,female
Siddharth,Gupta,26,thane,ghodbunder,mumbai,maharashtra,male
Shreya,Gupta,23,kalwa,thane,mumbai,maharashtra,female
Rahul,Agrawal,24,navi,mumbai,mumbai,maharashtra,male
Nisha,Agrawal,21,vashi,navi,mumbai,maharashtra,female
Aman,Sharma,27,prabhadevi,dadar,mumbai,maharashtra,male
Priyanka,Sharma,22,lowerparel,worli,mumbai,maharashtra,female
Rohan,Joshi,25,khar,bandra,mumbai,maharashtra,male
Sneha,Joshi,20,vileparle,juhu,mumbai,maharashtra,female
Vikram,Mehta,26,malad,goregaon,mumbai,maharashtra,male
Sonia,Mehta,23,east,andheri,mumbai,maharashtra,female
Abhishek,Singh,25,kandivali,borivali,mumbai,maharashtra,male
Rashmi,Singh,20,andheri,lokhandwala,mumbai,maharashtra,female
Siddharth,Jain,26,ghodbunder,thane,mumbai,maharashtra,male
Shreya,Jain,23,thane,kalwa,mumbai,maharashtra,female
Rahul,Gupta,24,mumbai,navi,mumbai,maharashtra,male
Nisha,Gupta,21,navi,mumbai,mumbai,maharashtra,female
Aman,Agrawal,27,dadar,prabhadevi,mumbai,maharashtra,male
Priyanka,Agrawal,22,worli,lowerparel,mumbai,maharashtra,female
Rohan,Sharma,25,bandra,khar,mumbai,maharashtra,male
Sneha,Sharma,20,juhu,vileparle,mumbai,maharashtra,female
Vikram,Mehta,26,goregaon,malad,mumbai,maharashtra,male
Sonia,Mehta,23,andheri,east,mumbai,maharashtra,female
Abhishek,Singh,25,borivali,kandivali,mumbai,maharashtra,male
Rashmi,Singh,20,lokhandwala,andheri,mumbai,maharashtra,female
Siddharth,Jain,26,thane,ghodbunder,mumbai,maharashtra,male
Shreya,Jain,23,kalwa,thane,mumbai,maharashtra,female
Rahul,Gupta,24,navi,mumbai,mumbai,maharashtra,male
Nisha,Gupta,21,navi,mumbai,mumbai,maharashtra,female
Aman,Agrawal,27,prabhadevi,dadar,mumbai,maharashtra,male
Priyanka,Agrawal,22,lowerparel,worli,mumbai,maharashtra,female
Rohan,Sharma,25,khar,bandra,mumbai,maharashtra,male
Sneha,Sharma,20,vileparle,juhu,mumbai,maharashtra,female
Vikram,Mehta,26,malad,goregaon,mumbai,maharashtra,male
Sonia,Mehta,23,east,andheri,mumbai,maharashtra,female
Abhishek,Singh,25,kandivali,borivali,mumbai,maharashtra,male
Rashmi,Singh,20,andheri,lokhandwala,mumbai,maharashtra,female
Siddharth,Jain,26,ghodbunder,thane,mumbai,maharashtra,male
Shreya,Jain,23,thane,kalwa,mumbai,maharashtra,female
Rahul,Gupta,24,mumbai,navi,mumbai,maharashtra,male
Nisha,Gupta,21,navi,mumbai,mumbai,maharashtra,female
Aman,Agrawal,27,dadar,prabhadevi,mumbai,maharashtra,male
Priyanka,Agrawal,22,worli,lowerparel,mumbai,maharashtra,female
Rohan,Sharma,25,bandra,khar,mumbai,maharashtra,male
Sneha,Sharma,20,juhu,vileparle,mumbai,maharashtra,female
Vikram,Mehta,26,goregaon,malad,mumbai,maharashtra,male
Sonia,Mehta,23,andheri,east,mumbai,maharashtra,female
Abhishek,Singh,25,borivali,kandivali,mumbai,maharashtra,male
Rashmi,Singh,20,lokhandwala,andheri,mumbai,maharashtra,female
Siddharth,Jain,26,thane,ghodbunder,mumbai,maharashtra,male
Shreya,Jain,63,kalwa,thane,mumbai,maharashtra,female
Rahul,Gupta,24,navi,mumbai,mumbai,maharashtra,male
Nisha,Gupta,61,navi,mumbai,mumbai,maharashtra,female
Aman,Agrawal,27,prabhadevi,dadar,mumbai,maharashtra,male
Priyanka,Agrawal,22,lowerparel,worli,mumbai,maharashtra,female
Rohan,Sharma,25,khar,bandra,mumbai,maharashtra,male
Sneha,Sharma,20,vileparle,juhu,mumbai,maharashtra,female
Vikram,Mehta,26,malad,goregaon,mumbai,maharashtra,male
Sonia,Mehta,63,east,andheri,mumbai,maharashtra,female
Abhishek,Singh,25,kandivali,borivali,mumbai,maharashtra,male
Rashmi,Singh,20,andheri,lokhandwala,mumbai,maharashtra,female
Siddharth,Jain,26,ghodbunder,thane,mumbai,maharashtra,male
Shreya,Jain,23,thane,kalwa,mumbai,maharashtra,female
Rahul,Gupta,34,mumbai,navi,mumbai,maharashtra,male
Nisha,Gupta,51,navi,mumbai,mumbai,maharashtra,female
Aman,Agrawal,27,dadar,prabhadevi,mumbai,maharashtra,male
Priyanka,Agrawal,22,worli,lowerparel,mumbai,maharashtra,female
Rohan,Sharma,25,bandra,khar,mumbai,maharashtra,male
Sneha,Sharma,20,juhu,vileparle,mumbai,maharashtra,female
Vikram,Mehta,26,goregaon,malad,mumbai,maharashtra,male
Sonia,Mehta,23,andheri,east,mumbai,maharashtra,female
Abhishek,Singh,25,borivali,kandivali,mumbai,maharashtra,male
Rashmi,Singh,20,lokhandwala,andheri,mumbai,maharashtra,female
Rahul,Jain,41,thane,ghodbunder,mumbai,maharashtra,male
Nisha,Jain,19,kalwa,thane,mumbai,maharashtra,female
Aman,Agrawal,62,navi,mumbai,mumbai,maharashtra,male
Priyanka,Agrawal,35,worli,lowerparel,mumbai,maharashtra,female
Rohan,Sharma,48,bandra,khar,mumbai,maharashtra,male
Sneha,Sharma,22,juhu,vileparle,mumbai,maharashtra,female
Vikram,Mehta,58,goregaon,malad,mumbai,maharashtra,male
Sonia,Mehta,31,andheri,east,mumbai,maharashtra,female
Abhishek,Singh,45,borivali,kandivali,mumbai,maharashtra,male
Rashmi,Singh,27,lokhandwala,andheri,mumbai,maharashtra,female
Rahul,Gupta,39,thane,ghodbunder,mumbai,maharashtra,male
Nisha,Gupta,51,kalwa,thane,mumbai,maharashtra,female
Aman,Joshi,24,navi,mumbai,mumbai,maharashtra,male
Priyanka,Joshi,56,worli,lowerparel,mumbai,maharashtra,female
Rohan,Mehta,33,bandra,khar,mumbai,maharashtra,male
Sneha,Mehta,42,juhu,vileparle,mumbai,maharashtra,female
Vikram,Singh,29,goregaon,malad,mumbai,maharashtra,male
Sonia,Singh,50,andheri,east,mumbai,maharashtra,female
Abhishek,Jain,36,borivali,kandivali,mumbai,maharashtra,male
Rashmi,Jain,44,lokhandwala,andheri,mumbai,maharashtra,female
Rahul,Agrawal,53,thane,ghodbunder,mumbai,maharashtra,male
Nisha,Agrawal,26,kalwa,thane,mumbai,maharashtra,female
Aman,Sharma,38,navi,mumbai,mumbai,maharashtra,male
Priyanka,Sharma,49,worli,lowerparel,mumbai,maharashtra,female
Rohan,Jain,32,bandra,khar,mumbai,maharashtra,male
Sneha,Jain,55,juhu,vileparle,mumbai,maharashtra,female
Vikram,Gupta,40,goregaon,malad,mumbai,maharashtra,male
Sonia,Gupta,28,andheri,east,mumbai,maharashtra,female
Abhishek,Agrawal,52,borivali,kandivali,mumbai,maharashtra,male
Rashmi,Agrawal,34,lokhandwala,andheri,mumbai,maharashtra,female
Rahul,Sharma,59,thane,ghodbunder,mumbai,maharashtra,male
Nisha,Sharma,21,kalwa,thane,mumbai,maharashtra,female
Aman,Mehta,46,navi,mumbai,mumbai,maharashtra,male
Priyanka,Mehta,57,worli,lowerparel,mumbai,maharashtra,female
Rohan,Singh,30,bandra,khar,mumbai,maharashtra,male
Sneha,Singh,43,juhu,vileparle,mumbai,maharashtra,female
Vikram,Joshi,54,goregaon,malad,mumbai,maharashtra,male
Sonia,Joshi,25,andheri,east,mumbai,maharashtra,female
Abhishek,Gupta,47,borivali,kandivali,mumbai,maharashtra,male
Rashmi,Gupta,39,lokhandwala,andheri,mumbai,maharashtra,female
Rahul,Jain,61,thane,ghodbunder,mumbai,maharashtra,male
Nisha,Jain,20,kalwa,thane,mumbai,maharashtra,female
Aman,Agrawal,63,navi,mumbai,mumbai,maharashtra,male
Priyanka,Agrawal,37,worli,lowerparel,mumbai,maharashtra,female